Totaldata, NoClass, BatchSize, Epoches, TrainAcc, TestAcc, TrainLoss, TestLoss

1982,8,64,50,95,92,13,50,26-12-2018
1956,8,64,50,94.30241051862673,87.39352645622202,17.273681229313766,56.95020003050718,Fri Dec 28 11:50:52 2018
1956,8,64,50,91.08838567,88.24531521,45.1577497,56.5764316,Fri Dec 28 12:51:23 2018
2784,11,64,50,67.8645,61.0048,70.0116,91.0285,Fri Dec 28 14:09:54 2018
468,2,64,50,99.3884,99.2908,3.8185,2.8091,Sun Dec 30 11:08:59 2018
459,2,64,50,100.0,100.0,0.001,0.0,Sun Dec 30 14:52:14 2018
459,2,64,50,100.0,100.0,0.0003,0.0,Sun Dec 30 15:38:44 2018
459,2,64,50,100.0,100.0,0.0002,0.0003,Sun Dec 30 15:53:08 2018
459,2,64,50,100.0,100.0,0.0014,0.0,Sun Dec 30 16:09:04 2018
459,2,64,50,100.0,100.0,0.0002,0.0,Sun Dec 30 16:31:34 2018
278,2,64,50,100.0,100.0,4.7922,3.7357,Mon Dec 31 19:31:34 2018
356,2,64,50,100.0,100.0,0.0024,0.0002,Mon Dec 31 20:15:11 2018
614,3,64,50,67.5991,33.5135,53.9458,103.4409,Mon Dec 31 20:22:04 2018
356,2,64,50,100.0,98.1308,0.0166,2.1444,Mon Dec 31 20:30:49 2018
366,3,64,50,98.4375,100.0,2.9639,0.3928,Mon Dec 31 20:33:14 2018
283,2,64,50,100.0,98.8235,0.0466,18.9703,Wed Jan 2 17:56:51 2019
340,2,64,50,100.0,98.0392,0.1184,31.8631,Thu Jan 3 21:21:17 2019
99,2,64,50,98.5507,100.0,23.3596,0.0,Sat Jan 5 16:21:04 2019
104,2,64,50,93.0556,96.875,14.7194,8.1528,Sat Jan 5 16:52:04 2019
124,3,64,50,76.7442,84.2105,61.1312,92.1923,Sat Jan 5 16:53:13 2019
340,2,64,50,100.0,99.0196,0.0153,2.5385,Sat Jan 5 17:10:21 2019
340,2,64,50,100.0,100.0,0.036,0.0031,Sat Jan 5 17:27:33 2019
340,2,64,50,100.0,100.0,0.0336,0.354,Sat Jan 5 17:57:15 2019
340,2,64,50,100.0,100.0,0.2613,0.4804,Sat Jan 5 18:11:05 2019
340,2,64,50,100.0,100.0,0.1825,0.0232,Sun Jan 6 16:59:26 2019
340,2,64,50,100.0,99.0196,0.0266,5.755,Sun Jan 6 17:02:38 2019
340,2,64,50,100.0,100.0,0.0384,0.0007,Sun Jan 6 17:08:11 2019
340,2,64,50,99.5798,100.0,0.5825,0.0194,Sun Jan 6 17:13:05 2019
340,2,64,50,100.0,100.0,0.0528,0.4514,Sun Jan 6 17:17:50 2019
340,2,64,50,100.0,100.0,0.0818,0.0013,Sun Jan 6 17:21:33 2019
340,2,64,50,100.0,100.0,0.0371,0.0009,Sun Jan 6 17:24:21 2019
340,2,64,50,100.0,100.0,0.0622,0.0572,Sun Jan 6 17:27:13 2019
99,2,64,50,98.5507,100.0,23.3596,0.0,Sun Jan 6 17:28:42 2019
100,2,64,50,97.1429,100.0,18.5756,9.7992,Sun Jan 6 17:31:31 2019
98,3,64,50,100.0,100.0,0.0,0.0,Sun Jan 6 17:32:42 2019
340,2,64,50,100.0,97.0588,0.0194,4.8889,Sun Jan 6 19:06:38 2019
340,2,64,50,100.0,100.0,0.1075,0.164,Sun Jan 6 19:11:55 2019
340,2,64,50,100.0,98.0392,0.004,12.9431,Sun Jan 6 19:15:05 2019
340,2,64,50,100.0,100.0,0.0911,0.0888,Sun Jan 6 19:21:17 2019
582,3,64,50,60.9337,48.0,57.8765,74.8103,Sun Jan 6 19:26:03 2019
824,4,64,50,44.4444,27.4194,96.4604,112.8216,Sun Jan 6 19:34:17 2019
340,2,64,50,99.5798,99.0196,0.467,4.6097,Sun Jan 6 19:37:47 2019
340,2,64,50,100.0,99.0196,0.0054,6.2792,Sun Jan 6 19:43:33 2019
99,2,64,50,98.5507,100.0,23.3596,0.0,Sun Jan 6 19:45:32 2019
101,2,64,50,100.0,96.7742,0.0069,25.7183,Sun Jan 6 19:47:17 2019
98,2,64,50,100.0,100.0,0.0,0.0,Sun Jan 6 19:49:34 2019
98,2,64,50,100.0,100.0,0.0,0.0,Sun Jan 6 19:50:53 2019
100,2,64,50,100.0,96.6667,0.024,32.9156,Sun Jan 6 19:52:55 2019
99,2,64,50,98.5507,100.0,23.3596,0.0,Sun Jan 6 19:55:17 2019
99,2,64,50,100.0,100.0,0.0096,0.0004,Sun Jan 6 20:53:24 2019
103,2,64,50,97.2222,93.5484,10.9859,67.5382,Sun Jan 6 20:55:43 2019
101,2,64,50,98.5714,100.0,10.5172,2.0664,Sun Jan 6 20:58:20 2019
106,2,64,50,93.2432,96.875,24.4406,16.0019,Mon Jan 7 08:58:11 2019
99,2,64,50,98.5507,100.0,7.5857,4.2867,Mon Jan 7 09:22:06 2019
104,2,64,50,97.2222,93.75,12.8474,70.8833,Mon Jan 7 09:23:44 2019
103,2,64,50,95.8333,93.5484,15.596,70.0907,Mon Jan 7 09:42:37 2019
101,2,64,50,97.1429,96.7742,10.7166,17.3754,Mon Jan 7 09:44:06 2019
103,2,64,50,95.8333,96.7742,16.8237,12.0044,Mon Jan 7 09:46:25 2019
100,2,64,50,98.5714,96.6667,23.0259,53.727,Mon Jan 7 09:51:36 2019
103,2,64,50,97.2222,90.3226,11.0511,54.3095,Mon Jan 7 09:53:55 2019
102,2,64,50,97.1831,93.5484,11.2215,33.039,Mon Jan 7 09:56:52 2019
101,2,64,50,95.7143,100.0,15.1158,3.462,Mon Jan 7 09:58:37 2019
102,2,64,50,100.0,87.0968,0.0,207.9754,Mon Jan 7 10:02:41 2019
101,2,64,50,100.0,93.5484,0.0032,86.4838,Mon Jan 7 10:04:47 2019
99,2,64,50,98.5507,100.0,23.3596,0.0,Mon Jan 7 10:07:57 2019
100,2,64,50,98.5714,96.6667,4.9688,12.4581,Mon Jan 7 10:09:55 2019
103,2,64,50,93.0556,100.0,22.6531,10.6542,Mon Jan 7 10:15:03 2019
103,2,64,50,95.8333,93.5484,12.9898,31.3894,Mon Jan 7 10:20:53 2019
105,2,64,50,91.7808,96.875,13.7308,7.1134,Mon Jan 7 10:22:28 2019
107,2,64,50,91.8919,96.9697,21.3826,9.8799,Mon Jan 7 10:24:56 2019
103,2,64,50,97.2222,96.7742,8.4637,52.7672,Mon Jan 7 10:27:15 2019
24,2,64,50,81.25,100.0,21.3332,10.5891,Mon Jan 7 10:28:30 2019
24,2,64,50,81.25,87.5,26.165,37.9156,Mon Jan 7 10:31:09 2019
23,2,64,50,87.5,85.7143,11.9642,13.4376,Mon Jan 7 10:32:37 2019
27,2,64,50,100.0,66.6667,4.5479,234.5461,Mon Jan 7 11:11:39 2019
25,2,64,50,100.0,62.5,0.4804,324.1301,Mon Jan 7 11:16:48 2019
23,2,64,50,93.75,71.4286,9.925,331.472,Mon Jan 7 11:19:25 2019
21,2,64,50,92.8571,100.0,14.8232,2.117,Mon Jan 7 11:26:54 2019
23,2,64,50,87.5,85.7143,22.9821,241.0593,Mon Jan 7 11:32:10 2019
20,2,64,50,100.0,100.0,0.0,0.0,Mon Jan 7 11:51:44 2019
20,2,64,50,100.0,100.0,0.0,0.0,Mon Jan 7 12:23:07 2019
20,2,64,50,100.0,100.0,0.0,0.0,Mon Jan 7 12:40:55 2019
23,3,64,50,87.5,85.7143,36.4821,31.0902,Mon Jan 7 12:42:39 2019
24,4,64,50,81.25,100.0,52.8317,28.4534,Mon Jan 7 12:55:49 2019
21,2,64,50,92.8571,100.0,18.7343,6.4411,Mon Jan 7 13:42:50 2019
20,2,64,50,100.0,100.0,0.0,0.0,Mon Jan 7 14:12:59 2019
21,2,64,50,100.0,85.7143,0.0,230.2585,Mon Jan 7 14:32:59 2019
25,2,64,50,88.2353,62.5,14.0987,50.8887,Mon Jan 7 15:19:19 2019
21,2,64,50,92.8571,100.0,14.4319,5.3724,Mon Jan 7 15:20:03 2019
22,2,64,50,86.6667,100.0,26.2907,7.0737,Mon Jan 7 15:20:59 2019
23,2,64,50,81.25,100.0,29.1584,8.7767,Mon Jan 7 15:22:42 2019
21,2,64,50,92.8571,100.0,18.138,2.8074,Mon Jan 7 15:31:30 2019
21,2,64,50,92.8571,100.0,20.5995,9.9928,Mon Jan 7 15:32:15 2019
22,2,64,50,86.6667,100.0,13.5899,5.2234,Mon Jan 7 15:35:26 2019
23,2,64,50,87.5,85.7143,22.105,25.7284,Mon Jan 7 15:37:34 2019
26,2,64,50,88.8889,50.0,24.4953,81.1434,Mon Jan 7 15:43:38 2019
24,2,64,50,87.5,75.0,23.8333,95.5937,Mon Jan 7 16:14:48 2019
23,2,64,50,93.75,71.4286,17.4429,179.2473,Mon Jan 7 16:16:43 2019
20,2,64,50,100.0,100.0,0.0,0.0,Mon Jan 7 16:38:54 2019
20,2,64,50,100.0,100.0,0.0,0.0,Mon Jan 7 16:40:29 2019
20,2,64,50,100.0,100.0,0.0,0.0,Mon Jan 7 16:42:07 2019
21,2,64,50,92.8571,100.0,20.7602,9.9242,Mon Jan 7 16:57:41 2019
23,2,64,50,81.25,100.0,29.2108,42.8407,Mon Jan 7 17:01:51 2019
20,2,64,50,100.0,100.0,0.0,0.0,Tue Jan 8 12:47:54 2019
20,2,64,50,100.0,100.0,0.0,0.0,Tue Jan 8 17:10:04 2019
21,2,64,50,92.8571,100.0,24.7223,8.2416,Tue Jan 8 17:12:48 2019
21,2,64,50,100.0,85.7143,0.0,230.2585,Tue Jan 8 17:42:24 2019
26,3,64,50,77.7778,75.0,65.1221,68.6269,Wed Jan 9 12:33:35 2019
23,4,64,50,87.5,85.7143,68.3966,92.6263,Wed Jan 9 12:36:44 2019
24,5,64,50,81.25,87.5,74.2156,83.8957,Wed Jan 9 12:37:57 2019
25,6,64,50,76.4706,87.5,98.7273,80.2733,Wed Jan 9 12:43:48 2019
32,7,64,50,54.5455,80.0,156.1001,109.3511,Wed Jan 9 12:45:30 2019
21,2,64,50,92.8571,100.0,27.8791,4.1277,Wed Jan 9 12:47:26 2019
22,2,64,50,93.3333,85.7143,29.5376,44.8579,Wed Jan 9 12:48:06 2019
23,2,64,50,87.5,85.7143,35.3463,38.7368,Wed Jan 9 12:49:07 2019
23,2,64,50,87.5,85.7143,42.2286,40.2932,Wed Jan 9 12:51:23 2019
22,2,64,50,93.3333,85.7143,18.0968,36.1183,Wed Jan 9 12:52:21 2019
22,2,64,50,100.0,85.7143,3.0852,64.8916,Wed Jan 9 15:19:31 2019
23,2,64,50,87.5,85.7143,26.7318,63.3667,Wed Jan 9 15:25:18 2019
24,2,64,50,93.75,87.5,23.1582,60.7315,Wed Jan 9 15:26:46 2019
24,2,64,50,100.0,87.5,11.2523,15.4871,Wed Jan 9 15:29:27 2019
22,2,64,50,100.0,71.4286,0.0,460.517,Wed Jan 9 15:30:31 2019
25,2,64,50,82.3529,100.0,19.0097,6.0894,Wed Jan 9 15:32:58 2019
24,2,64,50,93.75,62.5,4.6916,106.531,Wed Jan 9 15:34:23 2019
23,2,64,50,93.75,100.0,11.4509,3.876,Wed Jan 9 15:35:54 2019
24,2,64,50,100.0,75.0,3.207,212.7555,Wed Jan 9 15:37:15 2019
22,2,64,50,93.3333,85.7143,13.2083,27.8622,Wed Jan 9 15:39:01 2019
22,2,64,50,100.0,100.0,3.1319,4.122,Wed Jan 9 15:40:40 2019
24,2,64,50,100.0,87.5,1.1986,137.6959,Wed Jan 9 15:42:20 2019
22,2,64,50,100.0,100.0,5.1168,0.9474,Wed Jan 9 15:44:54 2019
23,2,64,50,87.5,100.0,13.2576,17.9649,Wed Jan 9 16:10:30 2019
22,2,64,50,93.3333,85.7143,7.3102,19.3147,Wed Jan 9 16:12:41 2019
21,2,64,50,92.8571,100.0,5.9466,7.7583,Wed Jan 9 16:14:21 2019
21,2,64,50,92.8571,100.0,5.2898,3.7744,Wed Jan 9 16:15:25 2019
22,2,64,50,100.0,100.0,8.9845,3.6099,Wed Jan 9 16:17:14 2019
22,2,64,50,93.3333,100.0,7.7949,0.6484,Wed Jan 9 16:18:43 2019
22,2,64,50,100.0,71.4286,0.0,460.517,Wed Jan 9 16:21:37 2019
21,2,64,50,100.0,85.7143,0.0,230.2585,Wed Jan 9 16:22:54 2019
24,2,64,50,100.0,100.0,12.8299,8.4595,Wed Jan 9 16:25:09 2019
21,2,64,50,92.8571,100.0,8.8943,3.0408,Wed Jan 9 16:28:08 2019
22,2,64,50,100.0,100.0,8.3574,7.6897,Wed Jan 9 16:31:52 2019
23,2,64,50,87.5,85.7143,9.273,10.6192,Wed Jan 9 16:33:30 2019
23,2,64,50,87.5,85.7143,8.8591,10.7942,Wed Jan 9 16:35:15 2019
22,2,64,50,93.3333,85.7143,4.9721,14.0442,Wed Jan 9 16:36:49 2019
22,2,64,50,86.6667,100.0,9.4733,0.1115,Wed Jan 9 16:38:45 2019
24,2,64,50,87.5,75.0,9.0649,23.2351,Wed Jan 9 17:28:26 2019
26,2,64,50,88.8889,62.5,17.8047,44.3532,Wed Jan 9 17:44:42 2019
21,2,64,50,100.0,85.7143,0.0,230.2585,Wed Jan 9 17:47:29 2019
21,2,64,50,100.0,85.7143,0.0,230.2585,Thu Jan 10 11:47:12 2019
262,2,64,50,100.0,98.7342,0.1177,1.4203,Thu Jan 10 11:55:20 2019
447,3,64,50,98.0769,97.037,13.387,20.5011,Thu Jan 10 12:17:21 2019
262,2,64,50,100.0,97.4684,0.1045,12.2051,Thu Jan 10 12:28:57 2019
262,2,64,50,100.0,100.0,0.1676,0.0761,Thu Jan 10 12:32:50 2019
262,2,64,50,99.4536,96.2025,9.2159,26.7022,Thu Jan 10 14:33:14 2019
423,2,64,50,100.0,97.6378,0.0996,14.47,Thu Jan 10 15:01:45 2019
423,2,64,50,99.6622,98.4252,0.845,18.4708,Thu Jan 10 16:13:48 2019
444,2,64,50,100.0,100.0,0.0045,0.0003,Sat Jan 12 11:14:10 2019
22,4,64,50,93.3333,85.7143,22.9036,45.801,Sat Jan 12 14:04:52 2019
20,2,64,50,100.0,100.0,0.0,0.0,Sat Jan 12 14:07:46 2019
20,2,64,50,100.0,100.0,0.0,0.0,Sat Jan 12 14:09:25 2019
444,2,64,50,100.0,100.0,0.0082,0.337,Mon Jan 14 16:02:06 2019
444,2,64,50,100.0,98.5075,0.0188,9.3637,Mon Jan 14 16:51:29 2019
444,2,64,50,100.0,100.0,0.0161,0.0002,Mon Jan 14 17:00:32 2019
20,2,64,50,100.0,100.0,0.0,0.0,Mon Jan 14 17:36:27 2019
21,2,64,50,92.8571,100.0,28.1348,6.584,Tue Jan 15 09:58:09 2019
22,2,64,50,93.3333,85.7143,30.9352,49.047,Wed Jan 16 11:37:55 2019
23,2,64,50,81.25,100.0,44.7255,23.2318,Thu Jan 17 09:59:09 2019
23,2,64,50,100.0,100.0,0.0203,0.0055,Fri Jan 18 14:29:51 2019
262,2,64,50,100.0,100.0,0.0785,0.0249,Tue Jan 22 15:12:54 2019
21,2,64,50,100.0,100.0,1.507,0.1082,Tue Jan 22 15:17:33 2019
20,2,64,50,100.0,100.0,0.0,0.0,Tue Jan 22 15:27:41 2019
20,2,64,50,100.0,100.0,0.0,0.0,Tue Jan 22 15:30:26 2019
20,2,64,50,100.0,100.0,0.0,0.0,Tue Jan 22 15:35:19 2019
23,2,64,50,100.0,100.0,0.0318,0.0,Tue Jan 22 16:10:41 2019
21,2,64,50,92.8571,100.0,20.2324,5.5768,Tue Jan 22 16:15:57 2019
22,3,64,50,93.3333,85.7143,24.6232,100.0588,Tue Jan 22 16:19:12 2019
23,2,64,50,100.0,71.4286,0.0,429.4833,Tue Jan 22 16:26:09 2019
21,2,64,50,92.8571,100.0,37.7456,4.9941,Tue Jan 22 16:30:21 2019
21,2,64,50,100.0,100.0,0.561,0.0938,Tue Jan 22 16:36:44 2019
20,2,64,50,100.0,100.0,0.0,0.0,Tue Jan 22 16:39:44 2019
20,2,64,50,100.0,100.0,0.0,0.0,Tue Jan 22 16:40:50 2019
20,2,64,50,100.0,100.0,0.0,0.0,Tue Jan 22 16:42:25 2019
20,3,64,50,100.0,100.0,0.0,0.0,Tue Jan 22 16:53:53 2019
20,2,64,50,100.0,100.0,0.0,0.0,Tue Jan 22 16:58:42 2019
20,2,64,50,100.0,100.0,0.0,0.0,Tue Jan 22 17:02:07 2019
20,2,64,50,100.0,100.0,0.0,0.0,Tue Jan 22 17:04:51 2019
20,2,64,50,100.0,100.0,0.0,0.0,Tue Jan 22 17:06:46 2019
20,2,64,50,100.0,100.0,0.0,0.0,Tue Jan 22 17:23:16 2019
23,2,64,50,81.25,100.0,45.4587,17.7263,Tue Jan 22 17:26:22 2019
21,2,64,50,92.8571,100.0,29.1857,5.5825,Tue Jan 22 17:28:15 2019
20,2,64,50,100.0,100.0,0.0,0.0,Tue Jan 22 17:35:10 2019
20,2,64,50,100.0,100.0,0.0,0.0,Tue Jan 22 17:44:15 2019
20,2,64,50,100.0,100.0,0.0,0.0,Tue Jan 22 17:45:58 2019
20,2,64,50,100.0,100.0,0.0,0.0,Tue Jan 22 17:49:12 2019
20,2,64,50,100.0,100.0,0.0,0.0,Tue Jan 22 17:50:58 2019
20,2,64,50,100.0,100.0,0.0,0.0,Tue Jan 22 17:51:44 2019
20,2,64,50,100.0,100.0,0.0,0.0,Tue Jan 22 17:54:17 2019
20,2,64,50,100.0,100.0,0.0,0.0,Tue Jan 22 17:59:07 2019
21,2,64,50,92.8571,100.0,25.3555,3.2174,Tue Jan 22 18:00:32 2019
21,2,64,50,100.0,85.7143,0.0,230.2585,Wed Jan 23 09:23:51 2019
21,2,64,50,100.0,85.7143,0.0,230.2585,Wed Jan 23 09:29:27 2019
21,2,64,50,100.0,100.0,0.118,0.0717,Wed Jan 23 09:39:33 2019
21,2,64,50,100.0,85.7143,0.0,230.2585,Thu Jan 24 09:34:38 2019
21,2,64,50,92.8571,100.0,31.0306,8.4099,Thu Jan 24 09:41:14 2019
21,2,64,50,92.8571,100.0,28.1921,7.2723,Thu Jan 24 09:45:05 2019
21,2,64,50,100.0,85.7143,0.0,230.2585,Thu Jan 24 09:47:36 2019
20,2,64,50,100.0,100.0,0.0,0.0,Thu Jan 24 10:17:00 2019
21,2,64,50,100.0,85.7143,0.0,230.2585,Thu Jan 24 10:18:37 2019
20,2,64,50,100.0,100.0,0.0,0.0,Thu Jan 24 10:22:25 2019
21,2,64,50,92.8571,100.0,19.7772,6.5866,Thu Jan 24 10:23:38 2019
21,2,64,50,92.8571,100.0,26.8962,10.1223,Thu Jan 24 10:24:50 2019
21,2,64,50,92.8571,100.0,27.564,9.1086,Thu Jan 24 10:29:54 2019
20,2,64,50,100.0,100.0,0.0,0.0,Thu Jan 24 10:32:52 2019
21,2,64,50,92.8571,100.0,8.0233,2.6641,Thu Jan 24 10:37:33 2019
20,2,64,50,100.0,100.0,0.0,0.0,Thu Jan 24 10:41:13 2019
21,2,64,50,100.0,85.7143,0.0,230.2585,Thu Jan 24 10:45:23 2019
21,2,64,50,100.0,85.7143,0.0,230.2585,Thu Jan 24 10:48:55 2019
21,2,64,50,92.8571,100.0,28.5785,12.1474,Thu Jan 24 10:51:40 2019
20,2,64,50,100.0,100.0,0.0,0.0,Thu Jan 24 11:17:51 2019
20,2,64,50,100.0,100.0,0.0,0.0,Thu Jan 24 11:19:11 2019
20,2,64,50,100.0,100.0,0.0,0.0,Thu Jan 24 11:20:52 2019
21,2,64,50,100.0,85.7143,0.0,230.2585,Thu Jan 24 11:24:34 2019
20,2,64,50,100.0,100.0,0.0,0.0,Thu Jan 24 11:25:55 2019
22,2,64,50,86.6667,100.0,39.8839,14.4209,Thu Jan 24 11:27:14 2019
20,2,64,50,100.0,100.0,0.0,0.0,Thu Jan 24 11:29:15 2019
20,2,64,50,100.0,100.0,0.0,0.0,Thu Jan 24 11:30:53 2019
20,2,64,50,100.0,100.0,0.0,0.0,Thu Jan 24 11:32:39 2019
21,2,64,50,92.8571,100.0,28.1057,7.0992,Thu Jan 24 11:33:52 2019
24,2,64,50,100.0,87.5,0.0006,169.0057,Thu Jan 24 11:37:01 2019
21,2,64,50,92.8571,100.0,17.4912,5.4616,Thu Jan 24 11:38:16 2019
20,2,64,50,100.0,100.0,0.0,0.0,Thu Jan 24 11:39:51 2019
20,2,64,50,100.0,100.0,0.0,0.0,Thu Jan 24 11:42:43 2019
21,2,64,50,100.0,85.7143,0.0,230.2585,Thu Jan 24 11:44:01 2019
21,2,64,50,92.8571,100.0,40.4193,3.5827,Thu Jan 24 11:47:15 2019
20,2,64,50,100.0,100.0,0.0,0.0,Thu Jan 24 11:48:20 2019
20,2,64,50,100.0,100.0,0.0,0.0,Thu Jan 24 11:49:45 2019
20,2,64,50,100.0,100.0,0.0,0.0,Thu Jan 24 11:51:37 2019
21,2,64,50,92.8571,100.0,24.7261,7.3774,Thu Jan 24 11:54:45 2019
20,2,64,50,100.0,100.0,0.0,0.0,Thu Jan 24 12:00:43 2019
20,2,64,50,100.0,100.0,0.0,0.0,Thu Jan 24 12:01:54 2019
20,2,64,50,100.0,100.0,0.0,0.0,Thu Jan 24 12:02:47 2019
21,2,64,50,92.8571,100.0,24.937,8.6449,Thu Jan 24 12:10:04 2019
20,2,64,50,100.0,100.0,0.0,0.0,Thu Jan 24 12:14:21 2019
20,2,64,50,100.0,100.0,0.0,0.0,Thu Jan 24 12:20:34 2019
40,2,64,50,53.5714,41.6667,68.8931,70.7993,Thu Jan 24 12:36:33 2019
20,2,64,50,100.0,100.0,0.0,0.0,Thu Jan 24 12:37:23 2019
20,2,64,50,100.0,100.0,0.0,0.0,Thu Jan 24 12:40:32 2019
20,2,64,50,100.0,100.0,0.0,0.0,Thu Jan 24 12:42:26 2019
20,2,64,50,100.0,100.0,0.0,0.0,Thu Jan 24 12:47:53 2019
40,2,64,50,53.5714,41.6667,69.5545,70.2307,Thu Jan 24 12:51:26 2019
20,2,64,50,100.0,100.0,0.0,0.0,Thu Jan 24 12:53:37 2019
20,2,64,50,100.0,100.0,0.0,0.0,Thu Jan 24 12:54:32 2019
40,2,64,50,53.5714,50.0,69.4366,69.3149,Thu Jan 24 12:55:07 2019
20,2,64,50,100.0,100.0,0.0,0.0,Thu Jan 24 15:28:32 2019
21,2,64,50,92.8571,100.0,36.1441,6.2813,Thu Jan 24 15:46:52 2019
21,2,64,50,100.0,100.0,1.2812,0.1668,Thu Jan 24 16:41:00 2019
21,2,64,50,92.8571,100.0,30.8343,4.2746,Thu Jan 24 17:02:07 2019
21,2,64,50,100.0,85.7143,0.0,230.2585,Thu Jan 24 17:02:55 2019
21,2,64,50,92.8571,100.0,23.6633,10.8526,Thu Jan 24 17:03:19 2019
20,2,64,50,100.0,100.0,0.0,0.0,Thu Jan 24 17:04:01 2019
20,2,64,50,100.0,100.0,0.0,0.0,Thu Jan 24 17:14:00 2019
22,2,64,50,86.6667,100.0,42.493,11.3362,Thu Jan 24 17:17:14 2019
20,2,64,50,100.0,100.0,0.0,0.0,Thu Jan 24 17:31:13 2019
20,2,64,50,100.0,100.0,0.0,0.0,Thu Jan 24 17:38:25 2019
20,2,64,50,100.0,100.0,0.0,0.0,Thu Jan 24 17:39:45 2019
20,2,64,50,100.0,100.0,0.0,0.0,Fri Jan 25 09:37:20 2019
40,2,64,50,50.0,50.0,69.3834,69.318,Fri Jan 25 09:38:22 2019
20,2,64,50,100.0,100.0,0.0,0.0,Fri Jan 25 09:45:08 2019
40,2,64,50,57.1429,33.3333,68.5224,73.1567,Fri Jan 25 09:50:22 2019
21,2,64,50,100.0,85.7143,0.0,230.2585,Fri Jan 25 09:50:52 2019
21,2,64,50,92.8571,100.0,33.0069,4.002,Fri Jan 25 09:51:23 2019
24,2,64,50,81.25,100.0,42.0746,22.1579,Fri Jan 25 09:52:01 2019
21,2,64,50,92.8571,100.0,27.4366,7.935,Fri Jan 25 09:52:45 2019
23,2,64,50,81.25,100.0,49.3413,18.5393,Fri Jan 25 09:53:25 2019
24,2,64,50,87.5,87.5,31.1573,37.6394,Fri Jan 25 09:54:23 2019
21,2,64,50,92.8571,100.0,25.6276,7.047,Fri Jan 25 09:55:35 2019
21,2,64,50,100.0,85.7143,0.0,230.2585,Fri Jan 25 09:56:53 2019
21,2,64,50,100.0,85.7143,0.0,230.2585,Fri Jan 25 09:57:59 2019
20,2,64,50,100.0,100.0,0.0,0.0,Fri Jan 25 10:00:11 2019
21,2,64,50,100.0,85.7143,0.0,230.2585,Fri Jan 25 10:00:36 2019
20,2,64,50,100.0,100.0,0.0,0.0,Fri Jan 25 10:08:24 2019
20,2,64,50,100.0,100.0,0.0,0.0,Fri Jan 25 10:13:41 2019
20,2,64,50,100.0,100.0,0.0,0.0,Fri Jan 25 10:16:20 2019
21,2,64,50,92.8571,100.0,28.226,6.2086,Fri Jan 25 10:17:55 2019
20,2,64,50,100.0,100.0,0.0,0.0,Fri Jan 25 10:34:57 2019
20,2,64,50,100.0,100.0,0.0,0.0,Fri Jan 25 10:35:48 2019
20,2,64,50,100.0,100.0,0.0,0.0,Fri Jan 25 11:12:01 2019
20,2,64,50,100.0,100.0,0.0,0.0,Fri Jan 25 11:15:07 2019
22,2,64,50,86.6667,100.0,37.5105,10.2421,Fri Jan 25 11:30:45 2019
22,2,64,50,86.6667,100.0,37.3718,18.9832,Fri Jan 25 11:31:26 2019
25,2,64,50,88.2353,62.5,35.2649,82.6006,Fri Jan 25 11:32:12 2019
28,2,64,50,73.6842,77.7778,52.2956,52.229,Fri Jan 25 11:37:36 2019
20,2,64,50,100.0,100.0,0.0,0.0,Fri Jan 25 12:55:57 2019
24,2,64,50,100.0,100.0,16.6082,6.3523,Fri Jan 25 14:11:08 2019
30,2,64,50,71.4286,66.6667,56.5498,64.655,Sat Jan 26 12:54:46 2019
32,2,64,50,90.9091,50.0,34.8522,113.0991,Sat Jan 26 12:56:43 2019
28,2,64,50,73.6842,66.6667,55.7046,64.4644,Sat Jan 26 12:58:31 2019
29,2,64,50,70.0,66.6667,60.2456,62.4371,Sat Jan 26 12:59:30 2019
29,2,64,50,70.0,77.7778,55.3416,50.6857,Sat Jan 26 13:01:43 2019
28,2,64,50,84.2105,88.8889,21.9842,18.7304,Sat Jan 26 13:02:44 2019
28,2,64,50,84.2105,44.4444,41.3906,108.5591,Sat Jan 26 13:05:11 2019
28,2,64,50,78.9474,55.5556,45.5245,84.2621,Sat Jan 26 13:07:24 2019
29,2,64,50,70.0,66.6667,62.6798,63.5826,Sat Jan 26 13:09:07 2019
30,2,64,50,61.9048,77.7778,64.7273,58.8217,Sat Jan 26 13:10:41 2019
42,2,64,50,75.8621,38.4615,58.9769,77.5748,Sat Jan 26 13:12:23 2019
30,2,64,50,66.6667,66.6667,65.2725,69.1861,Sat Jan 26 13:15:54 2019
38,3,64,50,61.5385,58.3333,84.0536,92.2883,Sat Jan 26 13:16:45 2019
27,2,64,50,72.2222,77.7778,59.5073,54.0537,Sat Jan 26 13:33:05 2019
23,2,64,50,87.5,100.0,41.2943,10.9213,Sat Jan 26 13:51:34 2019
28,2,64,50,78.9474,55.5556,51.9886,97.4397,Sat Jan 26 14:14:25 2019
35,3,64,50,62.5,54.5455,86.3154,103.5045,Sat Jan 26 14:16:15 2019
26,2,64,50,77.7778,75.0,54.9564,56.4212,Sat Jan 26 14:18:00 2019
29,2,64,50,70.0,66.6667,60.6228,64.1674,Sat Jan 26 14:18:58 2019
36,3,64,50,72.0,72.7273,62.9632,60.6333,Sat Jan 26 14:19:39 2019
28,2,64,50,100.0,88.8889,18.6356,31.4548,Sat Jan 26 14:20:55 2019
28,2,64,50,73.6842,77.7778,59.6909,52.6611,Sat Jan 26 14:22:17 2019
28,2,64,50,84.2105,77.7778,47.9106,43.6064,Sat Jan 26 14:24:23 2019
28,2,64,50,89.4737,88.8889,34.3959,32.1983,Sat Jan 26 14:26:32 2019
36,3,64,50,72.0,63.6364,70.9333,88.0934,Sat Jan 26 14:27:14 2019
26,2,64,50,77.7778,75.0,54.3286,54.9146,Sat Jan 26 14:29:36 2019
27,2,64,50,66.6667,88.8889,60.7682,49.6901,Sat Jan 26 14:30:53 2019
25,2,64,50,70.5882,100.0,60.5246,40.2605,Sat Jan 26 14:38:23 2019
28,2,64,50,68.4211,77.7778,61.6655,54.3823,Sat Jan 26 14:43:14 2019
27,2,64,50,83.3333,55.5556,44.9347,86.411,Sat Jan 26 19:14:43 2019
28,2,64,50,78.9474,66.6667,50.5925,66.6499,Sat Jan 26 19:23:57 2019
60,3,64,50,33.3333,22.2222,109.8666,112.6307,Sat Jan 26 19:49:20 2019
28,2,64,50,73.6842,66.6667,60.6179,64.5271,Sun Jan 27 19:49:09 2019
40,2,64,50,53.5714,41.6667,68.8785,70.318,Sun Jan 27 19:57:37 2019
60,3,64,50,35.7143,27.7778,109.6671,110.6614,Sun Jan 27 19:58:06 2019
80,4,64,50,26.7857,16.6667,138.2113,141.4209,Sun Jan 27 19:58:42 2019
40,2,64,50,53.5714,41.6667,69.3291,69.9697,Sun Jan 27 20:00:34 2019
60,3,64,50,38.0952,22.2222,109.6093,113.3472,Sun Jan 27 20:00:57 2019
80,4,64,50,28.5714,16.6667,138.0443,140.262,Sun Jan 27 20:01:28 2019
40,2,64,50,46.4286,50.0,69.2824,69.3156,Sun Jan 27 22:48:11 2019
60,3,64,50,35.7143,27.7778,109.6164,110.6202,Sun Jan 27 22:48:33 2019
80,4,64,50,30.3571,12.5,137.7282,142.1322,Sun Jan 27 22:48:59 2019
40,2,64,50,57.1429,33.3333,68.4236,74.7557,Sun Jan 27 22:50:29 2019
60,3,64,50,38.0952,22.2222,110.7382,112.5553,Sun Jan 27 22:50:49 2019
40,2,64,50,57.1429,50.0,69.1329,69.316,Sun Jan 27 22:52:43 2019
40,2,64,50,53.5714,33.3333,68.6473,72.312,Sun Jan 27 22:54:56 2019
60,3,64,50,35.7143,27.7778,110.1928,111.2021,Sun Jan 27 22:55:18 2019
80,4,64,50,26.7857,12.5,137.6576,145.9034,Sun Jan 27 22:55:41 2019
40,2,64,50,50.0,50.0,69.3867,69.3151,Sun Jan 27 23:04:11 2019
40,2,64,50,57.1429,33.3333,68.1169,73.6001,Mon Jan 28 14:22:57 2019
60,3,64,50,35.7143,27.7778,109.6692,110.5888,Mon Jan 28 14:23:25 2019
80,4,64,50,25.0,16.6667,137.0209,141.2865,Mon Jan 28 14:23:51 2019
40,2,64,50,53.5714,41.6667,70.1453,70.6614,Mon Jan 28 14:25:52 2019
60,3,64,50,40.4762,22.2222,108.6351,119.1104,Mon Jan 28 14:26:16 2019
80,4,64,50,26.7857,20.8333,138.4642,139.1927,Mon Jan 28 14:26:46 2019
262,2,64,50,100.0,100.0,0.1019,0.0165,Mon Jan 28 14:29:24 2019
447,3,64,50,97.7564,96.2963,10.783,45.3222,Mon Jan 28 16:32:43 2019
40,2,64,50,57.1429,41.6667,68.3113,70.574,Thu Jan 31 12:19:21 2019
25,2,64,50,76.4706,87.5,56.6246,42.1688,Thu Jan 31 12:31:54 2019
40,2,64,50,50.0,41.6667,68.7984,70.5318,Thu Jan 31 12:34:24 2019
29,2,64,50,90.0,88.8889,43.9531,33.6893,Thu Jan 31 12:35:27 2019
262,2,64,50,100.0,100.0,5.8296,2.3747,Thu Jan 31 12:41:17 2019
447,3,64,50,98.3974,97.037,3.5853,28.3447,Thu Jan 31 12:43:40 2019
723,4,64,50,95.8498,91.7051,18.679,64.5369,Thu Jan 31 12:47:22 2019
27,2,64,50,83.3333,55.5556,48.5953,85.5724,Thu Jan 31 13:00:04 2019
27,2,64,50,72.2222,77.7778,62.0219,54.8758,Thu Jan 31 13:07:06 2019
262,2,64,50,100.0,100.0,0.0776,0.0068,Thu Jan 31 13:45:58 2019
447,3,64,50,99.0385,99.2593,7.9997,13.8294,Thu Jan 31 13:48:59 2019
262,2,64,50,100.0,98.7342,0.0002,5.3457,Thu Jan 31 15:26:48 2019
447,3,64,50,98.7179,97.7778,7.6146,37.077,Thu Jan 31 15:29:09 2019
723,4,64,50,94.8617,92.6267,17.9773,65.2931,Thu Jan 31 15:32:43 2019
1001,5,64,50,96.7143,97.3422,8.9432,21.3462,Thu Jan 31 15:40:04 2019
1259,6,64,50,96.9353,94.709,8.1876,36.6954,Thu Jan 31 17:18:23 2019
444,2,64,50,100.0,99.2537,0.1581,12.0496,Wed Feb 13 10:58:45 2019
444,2,64,50,100.0,100.0,0.009,0.0018,Wed Feb 13 11:20:47 2019
444,2,64,50,99.6774,100.0,0.4963,0.0013,Wed Feb 13 11:49:59 2019
629,3,64,50,99.5455,97.3545,1.8493,33.8768,Wed Feb 13 11:53:47 2019
444,2,64,50,100.0,99.2537,0.0053,2.0352,Wed Feb 13 12:24:51 2019
444,2,64,50,100.0,100.0,0.0314,0.0066,Wed Feb 13 12:30:21 2019
444,2,64,50,100.0,98.5075,0.0016,8.0811,Wed Feb 13 15:10:44 2019
629,3,64,50,99.0909,95.7672,5.7242,23.6508,Wed Feb 13 15:14:32 2019
444,2,64,50,99.6774,99.2537,0.5099,1.1155,Wed Feb 13 15:22:36 2019
444,2,64,50,100.0,98.5075,0.0123,4.6014,Wed Feb 13 15:25:57 2019
444,2,64,50,100.0,100.0,0.2344,0.0582,Wed Feb 13 15:30:45 2019
629,3,64,50,97.7273,98.4127,26.1679,4.6963,Wed Feb 13 16:16:24 2019
444,2,64,50,100.0,100.0,0.0186,0.0043,Thu Feb 14 09:15:35 2019
444,2,64,50,100.0,100.0,0.0413,0.0139,Thu Feb 14 09:23:46 2019
444,2,64,50,100.0,100.0,0.0092,0.0272,Thu Feb 14 09:27:18 2019
387,2,64,50,100.0,96.5812,0.3519,26.3573,Thu Feb 14 09:43:49 2019
444,2,64,50,100.0,99.2537,0.0054,2.0156,Thu Feb 14 09:53:57 2019
444,2,64,50,99.6774,99.2537,0.5215,2.1031,Thu Feb 14 09:58:12 2019
444,2,64,50,100.0,100.0,0.0247,0.0007,Thu Feb 14 10:17:54 2019
444,2,64,50,100.0,100.0,0.0221,0.0126,Thu Feb 14 10:22:44 2019
444,2,64,50,100.0,100.0,0.0253,0.0286,Thu Feb 14 10:27:43 2019
387,2,64,50,99.6296,100.0,0.9702,0.1061,Thu Feb 14 11:31:13 2019
444,2,64,50,100.0,100.0,0.0099,0.0139,Thu Feb 14 11:38:11 2019
629,3,64,50,99.0909,97.3545,2.9776,29.8283,Thu Feb 14 11:41:04 2019
444,2,64,50,100.0,97.0149,0.0024,33.2564,Thu Feb 14 11:57:41 2019
444,2,64,50,100.0,100.0,0.1692,0.0212,Thu Feb 14 12:41:33 2019
629,3,64,50,98.6364,97.8836,6.9234,13.0233,Thu Feb 14 12:44:25 2019
866,4,64,50,97.6898,95.3846,7.4481,44.2062,Thu Feb 14 12:48:25 2019
1144,5,64,50,98.0,94.186,10.6325,33.9662,Thu Feb 14 12:53:29 2019
444,2,64,50,100.0,100.0,0.079,0.0017,Thu Feb 14 12:57:46 2019
444,2,64,50,100.0,100.0,0.038,0.0051,Thu Feb 14 13:04:30 2019
387,2,64,50,100.0,99.1453,0.1222,13.4696,Thu Feb 14 13:22:47 2019
444,2,64,50,100.0,98.5075,0.0052,4.4273,Thu Feb 14 15:58:18 2019
629,3,64,50,99.7727,96.2963,4.4095,41.4499,Thu Feb 14 16:01:38 2019
907,4,64,50,98.7382,98.1685,6.8625,15.4105,Thu Feb 14 16:06:01 2019
1174,5,64,50,96.3459,94.3343,19.1331,32.3432,Thu Feb 14 16:11:34 2019
1382,6,64,50,95.9669,93.9759,18.0662,30.8229,Thu Feb 14 16:18:35 2019
1658,7,64,50,95.9483,90.9639,15.7088,35.0911,Thu Feb 14 16:28:49 2019
444,2,64,50,100.0,100.0,0.0118,0.0074,Fri Feb 15 09:36:35 2019
393,3,64,50,97.8182,98.3051,10.9197,6.0799,Fri Feb 15 14:51:35 2019
232,2,64,50,99.3827,97.1429,2.646,7.5461,Fri Feb 15 17:21:31 2019
356,2,64,50,70.6827,66.3551,51.9824,78.5922,Fri Feb 15 17:36:04 2019
229,2,64,50,92.5,91.3043,19.1809,40.0907,Fri Feb 15 17:53:45 2019
234,2,64,50,92.638,88.7324,16.9966,95.8113,Sat Feb 16 18:50:25 2019
236,3,64,50,94.5455,85.9155,18.8371,82.3842,Sat Feb 16 18:52:21 2019
309,4,64,50,77.7778,72.043,53.8508,114.3575,Sat Feb 16 18:57:24 2019
233,2,64,50,96.319,88.5714,13.3351,62.0072,Sun Feb 17 09:14:25 2019
258,3,64,50,87.7778,88.4615,39.1793,59.8862,Sun Feb 17 09:20:19 2019
536,4,64,50,89.8667,93.1677,34.6004,26.1305,Sun Feb 17 09:23:12 2019
267,2,64,50,95.6989,96.2963,12.9494,10.8542,Sun Feb 17 10:13:40 2019
509,3,64,50,94.9438,92.8105,15.7942,38.2894,Sun Feb 17 10:16:48 2019
653,4,64,50,74.6171,73.9796,60.0481,68.3028,Sun Feb 17 10:26:41 2019
700,5,64,50,71.6327,69.5238,70.7659,82.809,Sun Feb 17 10:31:52 2019
1085,6,64,50,62.1871,65.0307,88.5074,128.0409,Sun Feb 17 11:06:15 2019
1113,7,64,50,58.4082,59.2814,113.3544,134.5314,Sun Feb 17 11:16:51 2019
306,2,64,50,92.0561,78.2609,22.127,107.7136,Sun Feb 17 11:27:45 2019
372,3,64,50,72.3077,72.3214,68.356,103.6425,Sun Feb 17 13:49:18 2019
444,2,64,50,100.0,100.0,0.0134,0.0131,Sun Feb 17 13:52:17 2019
442,2,64,50,86.7314,82.7068,31.7928,88.5783,Sun Feb 17 14:48:35 2019
444,2,64,50,86.4516,85.0746,28.8067,53.5842,Sun Feb 17 15:03:08 2019
310,2,64,50,94.47,79.5699,17.128,69.0593,Sun Feb 17 15:10:06 2019
244,2,64,50,94.7059,89.1892,14.5591,55.509,Sun Feb 17 15:13:59 2019
248,2,64,50,90.1734,90.6667,28.7606,35.0607,Sun Feb 17 15:20:25 2019
226,2,64,50,92.4051,85.2941,20.3109,47.0641,Mon Feb 18 08:45:26 2019
444,2,64,50,100.0,98.5075,0.0027,8.2019,Mon Feb 18 09:01:21 2019
444,2,64,50,100.0,98.8764,0.171,18.1104,Mon Feb 18 13:09:56 2019
444,2,64,20,99.7183,100.0,0.8984,0.0473,Mon Feb 18 13:14:51 2019
444,2,64,20,99.7183,100.0,0.9877,0.2703,Mon Feb 18 13:27:17 2019
444,2,64,20,99.7183,98.8764,0.8682,18.5923,Mon Feb 18 15:06:26 2019
444,2,64,50,100.0,100.0,0.0105,0.0605,Mon Feb 18 15:27:43 2019
444,2,128,20,99.5495,98.6486,2.1998,3.6738,Mon Feb 18 16:17:59 2019
444,2,128,20,100.0,96.8468,13.4801,21.8992,Mon Feb 18 19:05:12 2019
444,2,265,20,96.8468,95.045,26.7995,43.0808,Mon Feb 18 20:25:44 2019
444,2,128,50,100.0,100.0,0.1502,0.3458,Mon Feb 18 20:34:47 2019
444,2,32,50,99.7347,100.0,1.1354,0.0055,Tue Feb 19 09:04:25 2019
444,2,64,50,99.7183,100.0,0.2702,0.161,Tue Feb 19 20:35:06 2019
444,2,128,20,99.5495,98.1982,1.2552,6.907,Tue Feb 19 20:37:46 2019
444,2,64,20,99.7183,98.8764,0.773,18.4941,Tue Feb 19 20:41:50 2019
444,2,32,50,100.0,98.8764,0.0008,12.5238,Tue Feb 19 20:47:41 2019
444,2,64,50,99.7183,100.0,4.5789,0.3136,Wed Feb 20 09:15:13 2019
444,2,64,50,100.0,97.7528,0.0038,4.6701,Wed Feb 20 09:18:33 2019
444,2,64,50,100.0,100.0,0.0407,0.0085,Wed Feb 20 09:23:51 2019
444,2,64,50,100.0,97.7528,0.0049,13.9049,Wed Feb 20 09:26:43 2019
444,2,64,50,100.0,100.0,0.0189,0.0133,Wed Feb 20 09:30:27 2019
444,2,64,50,100.0,100.0,0.0664,0.1338,Wed Feb 20 09:48:37 2019
444,2,64,50,100.0,98.8764,0.0031,5.3115,Wed Feb 20 09:52:57 2019
444,2,64,50,100.0,98.8764,0.1917,1.0617,Wed Feb 20 09:55:50 2019
444,2,64,50,99.7183,96.6292,0.6975,42.061,Wed Feb 20 10:06:11 2019
444,2,64,50,100.0,98.8764,0.0076,2.8887,Wed Feb 20 10:37:12 2019
444,2,64,50,99.7183,98.8764,4.5531,5.1523,Wed Feb 20 10:40:09 2019
444,2,64,50,99.4366,97.7528,2.6172,6.0903,Wed Feb 20 10:43:14 2019
444,2,64,50,99.4366,100.0,2.0073,0.0052,Wed Feb 20 10:46:43 2019
444,2,128,20,97.7477,99.5495,6.9889,0.837,Wed Feb 20 10:49:21 2019
444,2,64,50,100.0,98.8764,0.0159,2.49,Wed Feb 20 10:53:38 2019
629,3,64,50,99.0909,97.3545,6.1065,12.8361,Wed Feb 20 11:02:24 2019
629,3,64,50,99.8012,98.4127,3.8396,18.9775,Wed Feb 20 11:07:17 2019
629,3,64,50,98.6083,97.619,9.041,5.7135,Wed Feb 20 11:17:56 2019
629,3,64,50,98.2107,98.4127,13.5106,14.076,Wed Feb 20 11:31:27 2019
629,3,64,50,99.4036,98.4127,7.4127,18.3802,Wed Feb 20 11:34:32 2019
629,3,64,50,98.8072,94.4444,6.1295,34.3295,Wed Feb 20 11:37:23 2019
629,3,128,20,93.6382,91.2698,28.1696,49.9359,Wed Feb 20 11:40:46 2019
629,3,64,50,98.4095,97.619,10.4742,13.2966,Wed Feb 20 11:47:17 2019
629,3,64,50,99.006,96.0317,8.456,41.5062,Wed Feb 20 11:55:43 2019
629,3,64,50,99.2048,96.8254,7.6991,39.9588,Wed Feb 20 12:13:07 2019
629,3,64,50,98.4095,97.619,13.9342,9.4243,Wed Feb 20 12:17:16 2019
464,2,64,50,100.0,98.5714,0.0858,11.8721,Wed Feb 20 14:36:16 2019
289,2,64,50,100.0,98.8506,0.0194,8.6852,Sat Feb 23 12:59:46 2019
464,2,64,20,99.4609,100.0,1.1694,0.4229,Sat Feb 23 13:05:31 2019
464,2,64,50,100.0,98.9247,0.2934,6.6077,Sat Feb 23 13:16:35 2019
464,2,64,50,100.0,100.0,0.2229,0.6789,Sat Feb 23 13:21:55 2019
464,2,64,50,100.0,97.8495,0.0516,19.8879,Sat Feb 23 13:24:02 2019
289,2,64,50,100.0,97.7011,0.039,35.0184,Sat Feb 23 13:26:34 2019
429,3,64,50,99.3333,93.7984,7.5257,34.3627,Sat Feb 23 13:29:49 2019
649,3,64,50,96.3391,97.6923,24.7848,26.8954,Sat Feb 23 13:32:51 2019
649,3,128,20,95.0617,95.3846,14.5231,32.8541,Sat Feb 23 13:36:49 2019
464,2,64,50,99.3827,97.8571,1.5409,13.6161,Sat Feb 23 13:52:43 2019
415,2,64,50,100.0,96.3855,0.0127,40.3398,Sat Feb 23 14:02:21 2019
415,2,64,50,100.0,100.0,0.0167,0.0161,Sat Feb 23 14:04:41 2019
415,2,128,20,100.0,100.0,0.1398,0.4089,Sat Feb 23 14:07:00 2019
289,2,64,50,100.0,100.0,0.0236,0.0003,Mon Feb 25 09:20:24 2019
440,2,64,50,99.7159,100.0,0.2324,0.1251,Mon Feb 25 11:47:27 2019
320,2,64,50,70.7031,62.5,57.6975,126.0874,Mon Feb 25 12:30:19 2019
320,2,64,50,69.1406,68.75,60.7286,62.8914,Mon Feb 25 12:38:14 2019
447,2,64,50,100.0,100.0,0.3413,0.0848,Mon Feb 25 12:47:32 2019
447,2,64,50,99.7199,97.7778,1.9196,12.8701,Mon Feb 25 12:51:23 2019
464,2,64,50,99.6914,98.5714,0.5491,12.8727,Mon Feb 25 14:55:33 2019
649,3,64,50,96.4758,98.4615,17.36,25.5062,Mon Feb 25 15:06:02 2019
464,2,64,50,100.0,99.2857,0.1464,5.8161,Mon Feb 25 16:38:51 2019
447,2,64,50,99.4398,98.8889,0.7531,3.3161,Mon Feb 25 16:42:13 2019
464,2,64,50,100.0,97.8495,0.0168,11.4532,Mon Feb 25 17:29:39 2019
464,2,64,50,98.4568,100.0,9.5885,0.3942,Mon Feb 25 17:33:25 2019
464,2,64,50,99.6914,98.5714,0.8381,23.3587,Tue Feb 26 09:10:49 2019
464,2,64,50,100.0,96.4286,0.2769,25.1003,Tue Feb 26 09:15:33 2019
464,2,64,50,100.0,100.0,0.0745,0.0019,Tue Feb 26 09:21:02 2019
464,2,64,50,100.0,96.4286,0.0221,29.8259,Tue Feb 26 09:26:25 2019
464,2,64,50,100.0,100.0,0.1267,0.003,Tue Feb 26 09:32:55 2019
464,2,64,50,98.7654,98.5714,4.1676,3.7443,Tue Feb 26 09:38:02 2019
464,2,64,50,100.0,97.8571,0.0079,15.0094,Tue Feb 26 09:40:55 2019
464,2,64,50,100.0,99.2857,0.0817,11.5402,Tue Feb 26 09:44:37 2019
464,2,64,50,97.2222,98.5714,34.7551,20.1904,Tue Feb 26 09:48:33 2019
464,2,64,50,100.0,98.5714,0.083,15.3309,Tue Feb 26 09:51:48 2019
464,2,64,50,100.0,95.0,0.0021,65.536,Tue Feb 26 09:55:14 2019
464,2,64,50,99.6914,100.0,1.1493,0.1192,Tue Feb 26 09:58:24 2019
464,2,64,50,100.0,98.5714,0.4675,12.5741,Tue Feb 26 10:28:38 2019
464,2,64,50,98.7654,96.4286,12.0181,29.4191,Tue Feb 26 10:33:07 2019
228,2,64,50,97.4843,97.1014,7.5265,10.2635,Tue Feb 26 10:35:41 2019
243,2,64,50,97.0588,83.5616,11.4069,108.0537,Tue Feb 26 10:38:42 2019
250,2,64,50,90.8571,92.0,23.5698,67.7446,Tue Feb 26 10:44:10 2019
226,2,64,50,98.1013,98.5294,9.7188,7.7619,Tue Feb 26 10:47:57 2019
464,2,64,50,100.0,98.5714,0.0628,16.7768,Tue Feb 26 10:53:44 2019
240,2,64,50,93.4524,91.6667,17.4917,21.4588,Tue Feb 26 10:58:12 2019
464,2,64,50,100.0,97.1429,0.0169,29.3806,Tue Feb 26 11:01:04 2019
242,2,64,50,96.4497,84.9315,17.9506,86.0489,Tue Feb 26 11:04:25 2019
464,2,64,50,99.6914,98.5714,1.1215,15.0018,Tue Feb 26 11:07:03 2019
228,2,64,50,98.1132,95.6522,6.5291,52.8005,Tue Feb 26 11:09:04 2019
464,2,64,50,97.8395,98.5714,8.4845,15.3612,Tue Feb 26 11:11:44 2019
237,2,64,50,93.9394,91.6667,13.6845,59.8163,Tue Feb 26 11:14:06 2019
464,2,64,50,100.0,97.1429,0.1067,25.6723,Tue Feb 26 11:16:32 2019
242,2,64,50,96.4497,86.3014,13.3575,121.4584,Tue Feb 26 11:19:10 2019
464,2,64,50,100.0,97.8571,0.0069,12.3519,Tue Feb 26 11:23:02 2019
225,2,64,50,98.0892,100.0,8.7053,1.4638,Tue Feb 26 11:24:55 2019
226,2,64,50,98.7342,97.0588,8.7109,12.163,Tue Feb 26 11:26:21 2019
235,2,64,50,95.7317,92.9577,14.7459,67.6913,Tue Feb 26 11:28:38 2019
230,2,64,50,96.2733,98.5507,11.689,8.0969,Tue Feb 26 11:31:28 2019
226,2,64,50,98.1013,98.5294,7.4751,5.432,Tue Feb 26 11:33:19 2019
231,2,64,50,96.8944,98.5714,8.2762,6.1168,Tue Feb 26 11:36:11 2019
229,2,64,50,98.75,95.6522,6.9023,20.4525,Tue Feb 26 11:40:33 2019
464,2,64,50,99.3827,99.2857,6.8656,11.5218,Tue Feb 26 12:05:06 2019
228,2,32,20,97.4843,98.5507,12.5875,7.7358,Tue Feb 26 12:49:51 2019
224,2,32,20,99.359,98.5294,10.3321,23.7031,Tue Feb 26 16:21:28 2019
464,2,32,20,99.3827,98.5714,1.1648,10.0505,Wed Feb 27 11:09:45 2019
464,2,32,20,99.3827,99.2857,1.6173,1.5272,Wed Feb 27 11:30:38 2019
464,2,32,20,99.3827,99.2857,5.1928,5.3238,Wed Feb 27 11:56:23 2019
464,2,32,20,100.0,97.8571,0.0463,21.8118,Wed Feb 27 12:03:41 2019
464,2,32,20,99.4609,98.9247,1.2184,3.8588,Wed Feb 27 12:07:31 2019
464,2,128,20,99.1379,97.8448,1.4573,10.6061,Wed Feb 27 12:10:01 2019
464,2,32,20,100.0,98.9247,0.4213,18.0552,Wed Feb 27 13:05:02 2019
464,2,32,20,98.9218,97.8495,2.7516,7.8111,Wed Feb 27 13:07:28 2019
464,2,32,20,99.7305,96.7742,0.7343,13.5086,Wed Feb 27 13:12:46 2019
464,2,32,20,99.0741,97.1429,3.0454,14.9399,Wed Feb 27 13:27:44 2019
464,2,32,20,99.7305,97.8495,0.4587,19.1095,Wed Feb 27 13:30:18 2019
464,2,128,80,99.569,96.9828,7.1648,28.1215,Wed Feb 27 13:32:38 2019
464,2,32,20,99.3827,97.8571,1.2415,14.8283,Wed Feb 27 13:35:29 2019
464,2,32,20,99.1914,98.9247,1.3754,5.7829,Wed Feb 27 13:38:05 2019
464,2,128,80,100.0,97.8448,0.0785,12.4992,Wed Feb 27 13:41:06 2019
464,2,32,20,98.4568,98.5714,4.5934,14.4844,Wed Feb 27 13:49:23 2019
464,2,128,50,99.1379,99.569,3.4636,6.9449,Wed Feb 27 13:51:56 2019
2178,9,32,20,87.0735,85.1682,43.2117,65.9799,Sun Mar 3 13:26:39 2019
3552,15,32,20,81.5768,82.7392,60.8193,60.5785,Sun Mar 3 20:19:29 2019
3552,15,32,20,90.7884,89.4934,35.0802,52.0224,Sun Mar 3 20:50:03 2019
3552,15,32,20,93.7651,91.9325,26.3612,44.7559,Sun Mar 3 20:50:51 2019
3552,15,32,20,95.6959,91.9325,20.5163,47.2794,Sun Mar 3 20:51:58 2019
3552,15,32,20,98.5921,81.5197,9.3315,121.1415,Sun Mar 3 21:07:48 2019
3552,15,32,20,79.5656,83.7711,68.3314,66.0474,Sun Mar 3 21:10:38 2019
3552,15,32,20,94.1271,77.955,53.4911,189.7528,Sun Mar 3 21:15:26 2019
3552,15,64,10,95.0523,82.6454,30.652,128.0335,Sun Mar 3 21:18:20 2019
3552,15,32,20,95.7763,78.1426,34.293,174.9423,Sun Mar 3 21:27:33 2019
3552,15,32,50,98.6726,79.3621,15.1236,185.4336,Sun Mar 3 21:39:02 2019
3552,15,32,20,77.6348,81.9887,75.6421,67.0719,Sun Mar 3 21:40:00 2019
3552,15,32,20,73.5318,78.2364,83.6557,74.6655,Sun Mar 3 21:40:36 2019
3552,15,128,50,90.2655,90.1501,34.7065,45.4345,Sun Mar 3 21:41:54 2019
3552,15,128,50,86.3636,84.9906,52.8184,66.3381,Sun Mar 3 21:43:07 2019
3552,15,64,20,74.5776,78.2364,78.5905,72.4719,Sun Mar 3 21:44:11 2019
3552,15,256,50,84.5937,83.8649,52.8896,65.9587,Sun Mar 3 21:46:13 2019
3552,15,128,50,88.2542,88.3677,40.2507,45.806,Sun Mar 3 21:47:39 2019
3552,15,128,50,87.1279,85.3659,44.6575,60.6968,Sun Mar 3 21:48:47 2019
3552,15,32,20,83.6677,83.263,57.0484,65.7166,Mon Mar 4 13:00:30 2019
464,2,32,20,99.1914,97.8495,1.0815,19.2445,Mon Mar 4 13:25:06 2019
1629,7,32,20,88.2579,91.7178,40.3114,34.4391,Mon Mar 4 13:32:52 2019